﻿<?xml version="1.0" encoding="UTF-8"?>
<monster name="Elf Arcanist" nameDescription="a elf arcanist" race="blood" experience="175" speed="230" manacost="0">
	<health now="220" max="220"/>
	<look type="63" corpse="6011"/>
	<targetchange interval="5000" chance="8"/>
	<strategy attack="100" defense="0"/>
	<flags>
		<flag summonable="0"/>
		<flag attackable="1"/>
		<flag hostile="1"/>
		<flag illusionable="0"/>
		<flag convinceable="0"/>
		<flag pushable="0"/>
		<flag canpushitems="1"/>
		<flag canpushcreatures="0"/>
		<flag targetdistance="4"/>
		<flag staticattack="90"/>
		<flag runonhealth="0"/>
	</flags>
	<attacks>
		<attack name="melee" interval="2000" skill="25" attack="20"/>
		<attack name="physical" interval="1000" chance="10" range="7" min="-15" max="-45">
			<attribute key="shootEffect" value="arrow"/>
		</attack>
		<attack name="energy" interval="1000" chance="9" range="7" min="-30" max="-50">
			<attribute key="shootEffect" value="energy"/>
			<attribute key="areaEffect" value="energy"/>
		</attack>
		<attack name="physical" interval="1000" chance="12" range="7" min="-60" max="-80">
			<attribute key="shootEffect" value="suddendeath"/>
		</attack>
	</attacks>
	<defenses armor="15" defense="20">
		<defense name="healing" interval="1000" chance="20" min="42" max="68">
			<attribute key="areaEffect" value="blueshimmer"/>
		</defense>
	</defenses>
	<elements>
		<element firePercent="50"/>
		<element energyPercent="45"/>
		<element deathPercent="30"/>
		<element holyPercent="-11"/>
	</elements>
	<immunities>
		<immunity invisible="1"/>
	</immunities>
	<voices interval="5000" chance="10">
		<voice sentence="Feel my wrath!"/>
		<voice sentence="For the Daughter of the Stars!"/>
		<voice sentence="I'll bring balance upon you!"/>
		<voice sentence="Tha'shi Cenath!"/>
		<voice sentence="Vihil Ealuel!"/>
	</voices>
	<loot>
		<item id="3976" countmax="10" chance="50000"/><!-- worm -->
		<item id="2148" countmax="20" chance="100000"/><!-- gold coin -->
		<item id="1949" chance="10000"/><!-- scroll -->
		<item id="2578" chance="5000"/><!-- closed trap -->
		<item id="2260" chance="4000"/><!-- blank rune -->
		<item id="2401" chance="3000"/><!-- staff -->
		<item id="2642" chance="20000"/><!-- sandals -->
		<item id="2682" chance="6666"/><!-- melon -->
		<item id="2802" countmax="1" chance="10000"/><!-- sling herb -->
		<item id="2600" chance="33333"/><!-- inkwell -->
		<item id="2177" chance="2857"/><!-- life crystal -->
		<item id="2689" countmax="3" chance="20000"/><!-- bread -->
		<item id="5922" countmax="1" chance="5000"/><!-- holy orchid -->
		<item id="1987" chance="100000"><!-- bag -->
			<inside>
				<item id="2189" chance="1333"/><!-- wand of cosmic energy -->
				<item id="2652" chance="5000"/><!-- green tunic -->
				<item id="2544" countmax="10" chance="20000"/><!-- arrow -->
				<item id="2456" chance="10000"/><!-- bow -->
				<item id="2032" chance="4000"/><!-- bowl -->
				<item id="2062" chance="2857"/><!-- small oil lamp -->
				<item id="2125" chance="1818"/><!-- crystal necklace -->
				<item id="2154" chance="1333"/><!-- yellow gem -->
			</inside>
		</item>
	</loot>
</monster>
