﻿<?xml version="1.0" encoding="UTF-8"?>
<monster name="Novice of the Cult" nameDescription="a novice of the cult" race="blood" experience="100" speed="210" manacost="0">
	<health now="285" max="285"/>
	<look type="133" head="114" body="95" legs="114" feet="114" corpse="6080"/>
	<targetchange interval="5000" chance="8"/>
	<strategy attack="100" defense="0"/>
	<flags>
		<flag summonable="0"/>
		<flag attackable="1"/>
		<flag hostile="1"/>
		<flag illusionable="0"/>
		<flag convinceable="0"/>
		<flag pushable="1"/>
		<flag canpushitems="1"/>
		<flag canpushcreatures="0"/>
		<flag staticattack="90"/>
		<flag targetdistance="1"/>
		<flag runonhealth="40"/>
	</flags>
	<attacks>
		<attack name="melee" interval="2000" skill="35" attack="35"/>
		<attack name="lifedrain" interval="2000" chance="17" range="7" radius="4" target="1" min="-30" max="-40">
			<attribute key="areaEffect" value="redshimmer"/>
		</attack>
		<attack name="poison" interval="1000" chance="17" range="7" radius="1" target="1" min="-30" max="-75">
			<attribute key="shootEffect" value="poison"/>
			<attribute key="areaEffect" value="poison"/>
		</attack>
	</attacks>
	<defenses armor="15" defense="10">
		<defense name="healing" interval="1000" chance="12" min="25" max="49">
			<attribute key="areaEffect" value="blueshimmer"/>
		</defense>
	</defenses>
	<elements>
		<element earthPercent="10"/>
		<element icePercent="10"/>
		<element holyPercent="10"/>
		<element physicalPercent="-15"/>
		<element energyPercent="-6"/>
		<element firePercent="-5"/>
		<element deathPercent="-5"/>
	</elements>
	<summons maxSummons="3">
		<summon name="Chicken" interval="2000" chance="10000"/>
	</summons>
	<voices interval="5000" chance="10">
		<voice sentence="Fear us!"/>
		<voice sentence="You will not tell anyone what you have seen."/>
		<voice sentence="Your curiosity will be punished!"/>
	</voices>
	<loot>
		<item id="2148" countmax="20" chance="100000"/><!-- gold coin -->
		<item id="2661" chance="2000"/><!-- scarf -->
		<item id="2145" countmax="3" chance="5000"/><!-- small diamond -->
		<item id="5810" chance="555"/><!-- pirate voodoo doll -->
		<item id="2213" chance="1666"/><!-- dwarven ring -->
		<item id="2478" chance="6666"/><!-- brass legs -->
		<item id="2398" chance="18427"/><!-- mace -->
		<item id="1987" chance="100000"><!-- bag -->
			<inside>
				<item id="2199" chance="1818"/><!-- garlic necklace -->
				<item id="2190" chance="1538"/><!-- wand of vortex -->
				<item id="6087" chance="5000"/><!-- music sheet -->
			</inside>
		</item>
	</loot>
</monster>
