<?xml version="1.0" encoding="UTF-8"?>
<monster name="Valkyrie" nameDescription="a valkyrie" race="blood" experience="85" speed="176" manacost="450">
	<health now="190" max="190"/>
	<look type="139" head="113" body="57" legs="95" feet="113" corpse="6081"/>
	<targetchange interval="5000" chance="8"/>
	<strategy attack="100" defense="0"/>
	<flags>
		<flag summonable="1"/>
		<flag attackable="1"/>
		<flag hostile="1"/>
		<flag illusionable="1"/>
		<flag convinceable="1"/>
		<flag pushable="0"/>
		<flag canpushitems="1"/>
		<flag canpushcreatures="0"/>
		<flag targetdistance="1"/>
		<flag staticattack="90"/>
		<flag runonhealth="10"/>
	</flags>
	<attacks>
		<attack name="melee" interval="2000" skill="35" attack="20"/>
		<attack name="physical" interval="1000" chance="15" range="7" min="-5" max="-50">
			<attribute key="shootEffect" value="spear"/>
		</attack>
	</attacks>
	<defenses armor="12" defense="14"/>
	<elements>
		<element icePercent="10"/>
		<element firePercent="10"/>
		<element holyPercent="7"/>
		<element deathPercent="-7"/>
		<element physicalPercent="-6"/>
	</elements>
	<voices interval="5000" chance="10">
		<voice sentence="Another head for me!"/>
		<voice sentence="Head off!"/>
		<voice sentence="Your head will be mine!"/>
		<voice sentence="Stand still!"/>
		<voice sentence="One more head for me!"/>
	</voices>
	<loot>
		<item id="2148" countmax="12" chance="100000"/><!-- gold coin -->
		<item id="2464" chance="8000"/><!-- chain armor -->
		<item id="2125" chance="2500"/><!-- crystal necklace -->
		<item id="2387" chance="3333"/><!-- double axe -->
		<item id="2389" countmax="3" chance="8333"/><!-- spear -->
		<item id="3965" chance="1333"/><!-- hunting spear -->
		<item id="2458" chance="7000"/><!-- chain helmet -->
		<item id="1987" chance="100000"><!-- bag -->
			<inside>
				<item id="2674" countmax="4" chance="10000"/><!-- red apple -->
				<item id="2666" countmax="4" chance="20000"/><!-- meat -->
				<item id="2147" countmax="2" chance="3500"/><!-- small ruby -->
				<item id="2145" countmax="2" chance="3500"/><!-- small diamond -->
				<item id="2200" chance="3000"/><!-- protection amulet -->
				<item id="2463" chance="2333"/><!-- plate armor -->
				<item id="7618" chance="2400"/><!-- health potion -->
			</inside>
		</item>
	</loot>
</monster>
