﻿<?xml version="1.0" encoding="UTF-8"?>
<monster name="Orc Leader" nameDescription="a orc leader" race="blood" experience="270" speed="230" manacost="640">
	<health now="450" max="450"/>
	<look type="59" corpse="6001"/>
	<targetchange interval="5000" chance="8"/>
	<strategy attack="100" defense="0"/>
	<flags>
		<flag summonable="1"/>
		<flag attackable="1"/>
		<flag hostile="1"/>
		<flag illusionable="1"/>
		<flag convinceable="1"/>
		<flag pushable="0"/>
		<flag canpushitems="1"/>
		<flag canpushcreatures="1"/>
		<flag targetdistance="1"/>
		<flag staticattack="90"/>
		<flag runonhealth="0"/>
	</flags>
	<attacks>
		<attack name="melee" interval="2000" skill="52" attack="48"/>
		<attack name="physical" interval="1000" chance="17" range="7" min="-50" max="-70">
			<attribute key="shootEffect" value="throwingknife"/>
		</attack>
	</attacks>
	<defenses armor="20" defense="30"/>
	<elements>
	<element firePercent="100"/>
	<element energyPercent="20"/>
	<element holyPercent="10"/>
	<element earthPercent="-10"/>
	<element deathPercent="-5"/>
	</elements>
	<voices interval="5000" chance="10">
		<voice sentence="Ulderek futgyr human!"/>
	</voices>
	<loot>
		<item id="3976" countmax="10" chance="50000"/><!-- worm -->
		<item id="2148" countmax="30" chance="100000"/><!-- gold coin -->
		<item id="2410" countmax="2" chance="50000"/><!-- throwing knife -->
		<item id="2419" chance="10000"/><!-- scimitar -->
		<item id="2510" chance="5000"/><!-- plate shield -->
		<item id="2667" countmax="1" chance="20000"/><!-- fish -->
		<item id="2647" chance="1818"/><!-- plate legs -->
		<item id="2413" chance="2857"/><!-- broadsword -->
		<item id="1988" chance="20000"><!-- backpack -->
			<inside>
				<item id="2148" countmax="1" chance="2857"/><!-- gold coin -->
			</inside>
		</item>
		<item id="1987" chance="100000"><!-- bag -->
			<inside>
				<item id="2207" chance="2000"/><!-- sword ring -->
				<item id="7378" countmax="2" chance="2000"/><!-- royal spear -->
				<item id="2666" countmax="2" chance="33333"/><!-- meat -->
				<item id="2379" chance="6666"/><!-- dagger -->
				<item id="2475" chance="1000"/><!-- warrior helmet -->
				<item id="2397" chance="10000"/><!-- longsword -->
				<item id="2652" chance="2500"/><!-- green tunic -->
				<item id="2478" chance="2857"/><!-- brass legs -->
				<item id="2463" chance="1818"/><!-- plate armor -->
			</inside>
		</item>
	</loot>
</monster>
