﻿<?xml version="1.0" encoding="UTF-8"?>
<monster name="Orc Warlord" nameDescription="a orc warlord" race="blood" experience="670" speed="290" manacost="0">
	<health now="950" max="950"/>
	<look type="2" corpse="6008"/>
	<targetchange interval="5000" chance="8"/>
	<strategy attack="100" defense="0"/>
	<flags>
		<flag summonable="0"/>
		<flag attackable="1"/>
		<flag hostile="1"/>
		<flag illusionable="0"/>
		<flag convinceable="0"/>
		<flag pushable="0"/>
		<flag canpushitems="1"/>
		<flag canpushcreatures="1"/>
		<flag targetdistance="1"/>
		<flag staticattack="90"/>
		<flag runonhealth="0"/>
	</flags>
	<attacks>
		<attack name="melee" interval="2000" min="-40" max="-200"/>
		<attack name="physical" interval="3000" chance="25" range="7" min="-100" max="-120">
			<attribute key="shootEffect" value="throwingstar"/>
		</attack>
	</attacks>
	<defenses armor="22" defense="35">
		<defense name="invisible" interval="1000" chance="4" duration="2000">
			<attribute key="areaEffect" value="blueshimmer"/>
		</defense>
	</defenses>
	<elements>
		<element firePercent="80"/>
		<element energyPercent="40"/>
		<element holyPercent="20"/>
		<element earthPercent="-10"/>
		<element deathPercent="-5"/>
	</elements>
	<immunities>
		<immunity invisible="1"/>
	</immunities>
	<voices interval="5000" chance="10">
		<voice sentence="Ranat Ulderek!"/>
		<voice sentence="Orc buta bana!"/>
		<voice sentence="Ikem rambo zambo!"/>
		<voice sentence="Futchi maruk buta!"/>
	</voices>
	<loot>
		<item id="2148" countmax="70" chance="50000"/><!-- gold coin -->
		<item id="2666" countmax="3" chance="20000"/><!-- meat -->
		<item id="2667" countmax="1" chance="6667"/><!-- fish -->
		<item id="2392" chance="1538"/><!-- fire sword -->
		<item id="2647" chance="2222"/><!-- plate legs -->
		<item id="2463" chance="1333"/><!-- plate armor -->
		<item id="2399" chance="3333" countmax="18"/><!-- throwing star -->
		<item id="2428" chance="2000"/><!-- orcish axe -->
		<item id="1988" chance="100000"><!-- backpack -->
			<inside>
				<item id="2478" chance="3333"/><!-- brass legs -->
				<item id="2165" chance="1333"/><!-- stealth ring -->
				<item id="2200" chance="2000"/><!-- protection amulet -->
				<item id="2490" chance="2500"/><!-- dark helmet -->
				<item id="2377" chance="1818"/><!-- two-handed sword -->
				<item id="2434" chance="833"/><!-- dragon hammer -->
				<item id="2497" chance="667"/><!-- crusader helmet -->
				<item id="2179" chance="556"/><!-- gold ring -->
				<item id="2499" chance="333"/><!-- amazon helmet -->
				<item id="2500" chance="250"/><!-- amazon armor -->
				<item id="2537" chance="200"/><!-- amazon shield -->
			</inside>
		</item>
	</loot>
</monster>
