<?xml version="1.0" encoding="UTF-8"?>
<monster name="War Wolf" nameDescription="a war wolf" race="blood" experience="55" speed="200" manacost="0">
	<health now="140" max="140"/>
	<look type="3" corpse="6009"/>
	<targetchange interval="2000" chance="0"/>
	<strategy attack="100" defense="0"/>
	<flags>
		<flag summonable="0"/>
		<flag attackable="1"/>
		<flag hostile="1"/>
		<flag illusionable="1"/>
		<flag convinceable="1"/>
		<flag pushable="0"/>
		<flag canpushitems="1"/>
		<flag canpushcreatures="0"/>
		<flag targetdistance="1"/>
		<flag staticattack="90"/>
		<flag runonhealth="0"/>
	</flags>
	<attacks>
		<attack name="melee" interval="2000" skill="39" attack="24"/>
	</attacks>
	<defenses armor="10" defense="16"/>
	<elements>
		<element earthPercent="20"/>
		<element holyPercent="10"/>
		<element icePercent="-10"/>
		<element deathPercent="-5"/>
	</elements>
	<voices interval="5000" chance="10">
		<voice sentence="Grrrrrrr"/>
		<voice sentence="Yoooohhuuuu!" yell="1"/>
	</voices>
	<loot>
		<item id="3976" countmax="10" chance="50000"/><!-- worm -->
		<item id="2671" countmax="5" chance="33333"/><!-- ham -->
		<item id="5897" countmax="1" chance="6666"/><!-- wolf paw -->
	</loot>
</monster>
