<?xml version="1.0" encoding="UTF-8"?>
<monster name="Wolf" nameDescription="a wolf" race="blood" experience="18" speed="195" manacost="255">
	<health now="25" max="25"/>
	<look type="27" corpse="5968"/>
	<targetchange interval="2000" chance="0"/>
	<strategy attack="100" defense="0"/>
	<flags>
		<flag summonable="1"/>
		<flag attackable="1"/>
		<flag hostile="1"/>
		<flag illusionable="1"/>
		<flag convinceable="1"/>
		<flag pushable="1"/>
		<flag canpushitems="0"/>
		<flag canpushcreatures="0"/>
		<flag targetdistance="1"/>
		<flag staticattack="90"/>
		<flag runonhealth="8"/>
	</flags>
	<attacks>
		<attack name="melee" interval="1500" skill="19" attack="22"/>
	</attacks>
	<defenses armor="1" defense="4"/>
	<elements>
		<element earthPercent="10"/>
		<element holyPercent="10"/>
		<element icePercent="-5"/>
		<elemetn deathPercent="-5"/>
	</elements>
	<loot>
		<item id="3976" countmax="10" chance="50000"/><!-- worm -->
		<item id="2666" countmax="3" chance="90000"/><!-- meat -->
		<item id="5897" countmax="1" chance="6666"/><!-- wolf paw -->
	</loot>
</monster>
