<?xml version="1.0" encoding="UTF-8"?>
<monster name="Wyrm" nameDescription="a wyrm" race="blood" experience="1450" speed="300" manacost="0">
	<health now="1825" max="1825"/>
	<look type="291" corpse="8941"/>
	<targetchange interval="60000" chance="0"/>
	<strategy attack="100" defense="0"/>
	<flags>
		<flag summonable="0"/>
		<flag attackable="1"/>
		<flag hostile="1"/>
		<flag illusionable="0"/>
		<flag convinceable="0"/>
		<flag pushable="0"/>
		<flag canpushitems="1"/>
		<flag staticattack="50"/>
		<flag lightlevel="0"/>
		<flag lightcolor="0"/>
		<flag targetdistance="1"/>
		<flag runonhealth="1"/>
	</flags>
	<attacks>
		<attack name="melee" interval="2000" min="-0" max="-214"/>
		<attack name="physical" interval="2000" chance="25" range="7" radius="4" target="1" min="-70" max="-170">
			<attribute key="shootEffect" value="energy"/>
			<attribute key="areaEffect" value="blackspark"/>
		</attack>
		<attack name="energycondition" interval="2000" chance="36" radius="3" target="0" min="-100" max="-220">
			<attribute key="areaEffect" value="energy"/>
		</attack>
		<attack name="physical" interval="3000" chance="50" length="7" spread="3" min="-10" max="-144">
			<attribute key="areaEffect" value="poff"/>
		</attack>
	</attacks>
	<defenses armor="30" defense="31">
		<defense name="healing" interval="6000" chance="65" min="25" max="75">
			<attribute key="areaEffect" value="blueshimmer"/>
		</defense>
	</defenses>
	<immunities>
		<immunity energy="1"/>
		<immunity paralyze="1"/>
		<immunity invisible="1"/>
	</immunities>
	<voices interval="2000" chance="5">
		<voice sentence="GRRR!"/>
		<voice sentence="GROOOOAAAAAAAAR!"/>
	</voices>
	<loot>
		<item id="2672" countmax="3" chance="9000"/><!-- dragon ham -->
		<item id="2148" countmax="200" chance="6000"/><!-- gold coin -->
		<item id="2647" chance="1222"/><!-- plate legs -->
		<item id="8871" chance="1990"/><!-- focus cape -->
		<item id="2546" countmax="10" chance="6000"/><!-- burst arrow -->
		<item id="1987" chance="10000"><!-- bag -->
			<inside>
				<item id="2148" countmax="200" chance="100000"/><!-- gold coin -->
				<item id="7430" chance="1554"/><!-- dragonbone staff -->
				<item id="7588" chance="5332"/><!-- strong health potion -->
				<item id="8921" chance="3999"/><!-- wand of draconia -->
				<item id="8871" chance="1000"/><!-- focus cape -->
				<item id="7430" chance="1200"/><!-- dragonbone staff -->
			</inside>
		</item>
	</loot>
</monster>
