<?xml version="1.0" encoding="utf-8"?>
<monster name="Chicken" namedescription="a chicken" race="blood" experience="0" speed="200" manacost="220">
	<health now="15" max="15"/>
	<look type="111" corpse="6042"/>
	<targetchange interval="5000" chance="8"/>
	<strategy attack="100" defense="0"/>
	<flags>
		<flag summonable="1"/>
		<flag attackable="1"/>
		<flag hostile="0"/>
		<flag illusionable="1"/>
		<flag convinceable="1"/>
		<flag pushable="1"/>
		<flag canpushitems="0"/>
		<flag canpushcreatures="0"/>
		<flag targetdistance="1"/>
		<flag staticattack="90"/>
		<flag runonhealth="15"/>
	</flags>
	<attacks>
		<attack name="melee" interval="2000" skill="0" attack="0"/>
	</attacks>
	<defenses armor="1" defense="2"/>
	<voices interval="5000" chance="10">
		<voice sentence="gokgoooook"/>
		<voice sentence="cluck cluck"/>
	</voices>
	<loot>
		<item id="3976" countmax="10" chance="50000"/><!-- worm -->
		<item id="2695" countmax="4" chance="20000"/><!-- egg -->
		<item id="3976" countmax="18" chance="50000"/><!-- worm -->
		<item id="5890" countmax="1" chance="5000"/><!-- chicken feather -->
	</loot>
</monster>
