<?xml version="1.0" encoding="UTF-8"?>
<monster name="Terror Bird" nameDescription="a terror bird" race="blood" experience="150" speed="280" manacost="490">
	<health now="300" max="300"/>
	<look type="218" corpse="6057"/>
	<targetchange interval="5000" chance="8"/>
	<strategy attack="100" defense="0"/>
	<flags>
		<flag summonable="1"/>
		<flag attackable="1"/>
		<flag hostile="1"/>
		<flag illusionable="1"/>
		<flag convinceable="1"/>
		<flag pushable="0"/>
		<flag canpushitems="1"/>
		<flag canpushcreatures="1"/>
		<flag targetdistance="1"/>
		<flag staticattack="90"/>
		<flag runonhealth="0"/>
	</flags>
	<attacks>
		<attack name="melee" interval="2000" skill="46" attack="37"/>
	</attacks>
	<defenses armor="13" defense="21"/>
	<elements>
		<element energyPercent="20"/>
		<element icePercent="20"/>
		<element firePercent="-10"/>
		<element earthPercent="-10"/>
		<element deathPercent="-5"/>
	</elements>
	<voices interval="5000" chance="10">
		<voice sentence="CRAAAHHH!"/>
		<voice sentence="Gruuuh Gruuuh."/>
		<voice sentence="Carrah Carrah!"/>
	</voices>
	<loot>
		<item id="3976" countmax="10" chance="50000"/><!-- worm -->
		<item id="2148" countmax="20" chance="100000"/><!-- gold coin -->
		<item id="2406" chance="33333"/><!-- short sword -->
		<item id="2209" chance="2000"/><!-- club ring -->
		<item id="2463" chance="3000"/><!-- plate armor -->
		<item id="2490" chance="4000"/><!-- dark helmet -->
		<item id="2129" chance="6666"/><!-- wolf tooth chain -->
		<item id="2666" countmax="3" chance="33333"/><!-- meat -->
		<item id="3976" countmax="10" chance="50000"/><!-- worm -->
		<item id="3976" countmax="10" chance="30000"/><!-- worm -->
		<item id="1987" chance="100000"><!-- bag -->
			<inside>
				<item id="2513" chance="2500"/><!-- battle shield -->
				<item id="2511" chance="2857"/><!-- brass shield -->
				<item id="2381" chance="5000"/><!-- halberd -->
				<item id="3970" chance="500"/><!-- feather headdress -->
				<item id="2148" countmax="10" chance="20000"/><!-- gold coin -->
				<item id="2671" countmax="3" chance="33333"/><!-- ham -->
			</inside>
		</item>
	</loot>
</monster>
