﻿<?xml version="1.0" encoding="UTF-8"?>
<monster name="Dark Monk" nameDescription="a dark monk" race="blood" experience="145" speed="210" manacost="480">
	<health now="190" max="190"/>
	<look type="225" corpse="6080"/>
	<targetchange interval="5000" chance="8"/>
	<strategy attack="100" defense="0"/>
	<flags>
		<flag summonable="0"/>
		<flag attackable="1"/>
		<flag hostile="1"/>
		<flag illusionable="1"/>
		<flag convinceable="1"/>
		<flag pushable="0"/>
		<flag canpushitems="1"/>
		<flag canpushcreatures="1"/>
		<flag targetdistance="1"/>
		<flag staticattack="90"/>
		<flag runonhealth="0"/>
	</flags>
	<attacks>
		<attack name="melee" interval="2000" min="-10" max="-100"/>
		<attack name="lifedrain" interval="1000" chance="12" range="1" min="-55" max="-100">
			<attribute key="areaEffect" value="redshimmer"/>
		</attack>
	</attacks>
	<defenses armor="22" defense="23">
		<defense name="healing" interval="1000" chance="12" min="25" max="49">
			<attribute key="areaEffect" value="blueshimmer"/>
		</defense>
		<defense name="speed" interval="1000" chance="10" speedchange="300" duration="6000">
			<attribute key="areaEffect" value="redshimmer"/>
		</defense>
	</defenses>
	<elements>
		<element deathPercent="40"/>
		<element holyPercent="-20"/>
		<element physicalPercent="-12"/>
	</elements>
	<immunities>
		<immunity invisible="1"/>
	</immunities>
	<voices interval="5000" chance="10">
		<voice sentence="You are no match to us!"/>
		<voice sentence="This is where your path will end!"/>
		<voice sentence="Your end has come!"/>
	</voices>
	<loot>
		<item id="2148" countmax="20" chance="100000"/><!-- gold coin -->
		<item id="2439" chance="400"/><!-- daramanian mace -->
		<item id="1949" chance="10000"/><!-- scroll -->
		<item id="2467" chance="10000"/><!-- leather armor -->
		<item id="2642" chance="6666"/><!-- sandals -->
		<item id="3976" countmax="10" chance="50000"/><!-- worm -->
		<item id="1987" chance="100000"><!-- bag -->
			<inside>
				<item id="2177" countmax="1" chance="1000"/><!-- life crystal -->
				<item id="2044" chance="6666"/><!-- lamp -->
				<item id="2689" countmax="3" chance="20000"/><!-- bread -->
				<item id="2401" chance="3333"/><!-- staff -->
				<item id="2440" chance="100"/><!-- daramanian waraxe -->
				<item id="2166" chance="1428"/><!-- power ring -->
				<item id="1949" chance="20000"/><!-- scroll -->
				<item id="2193" chance="1200"/><!-- ankh -->
			</inside>
		</item>
	</loot>
</monster>
