﻿<?xml version="1.0" encoding="UTF-8"?>
<monster name="Carniphila" nameDescription="a carniphila" race="venom" experience="150" speed="240" manacost="0">
	<health now="255" max="255"/>
	<look type="120" corpse="6047"/>
	<targetchange interval="5000" chance="8"/>
	<strategy attack="100" defense="0"/>
	<flags>
		<flag summonable="0"/>
		<flag attackable="1"/>
		<flag hostile="1"/>
		<flag illusionable="0"/>
		<flag convinceable="0"/>
		<flag pushable="0"/>
		<flag canpushitems="1"/>
		<flag canpushcreatures="1"/>
		<flag targetdistance="1"/>
		<flag staticattack="90"/>
		<flag runonhealth="0"/>
	</flags>
	<attacks>
		<attack name="melee" interval="2000" skill="40" attack="40" poison="95"/>
		<attack name="poison" interval="1000" chance="25" range="7" min="-60" max="-90">
			<attribute key="shootEffect" value="poison"/>
			<attribute key="areaEffect" value="greenspark"/>
		</attack>
		<attack name="speed" interval="1000" chance="34" range="7" speedchange="-850" duration="30000">
			<attribute key="shootEffect" value="poison"/>
			<attribute key="areaEffect" value="greenspark"/>
		</attack>
		<attack name="poison" interval="1000" chance="12" radius="3" target="0" min="-40" max="-130">
			<attribute key="areaEffect" value="poison"/>
		</attack>
	</attacks>
	<defenses armor="26" defense="10"/>
	<elements>
		<element earthPercent="100"/>
		<element energyPercent="10"/>
		<element icePercent="7"/>
		<element firePercent="-20"/>
	</elements>
	<immunities>
		<immunity invisible="1"/>
	</immunities>
	<loot>
		<item id="2148" countmax="100" chance="100000"/><!-- gold coin -->
		<item id="2666" countmax="5" chance="33333"/><!-- meat -->
		<item id="2671" countmax="4" chance="20000"/><!-- ham -->
		<item id="2465" chance="5000"/><!-- brass armor -->
		<item id="2459" chance="4000"/><!-- iron helmet -->
		<item id="2655" chance="500"/><!-- red robe -->
		<item id="3976" countmax="10" chance="50000"/><!-- worm -->
	</loot>
</monster>
