﻿<?xml version="1.0" encoding="UTF-8"?>
<monster name="Toad" nameDescription="a toad" race="blood" experience="60" speed="240" manacost="400">
	<health now="135" max="135"/>
	<look type="222" corpse="6077"/>
	<targetchange interval="5000" chance="8"/>
	<strategy attack="100" defense="0"/>
	<flags>
		<flag summonable="1"/>
		<flag attackable="1"/>
		<flag hostile="1"/>
		<flag illusionable="0"/>
		<flag convinceable="0"/>
		<flag pushable="1"/>
		<flag canpushitems="1"/>
		<flag canpushcreatures="0"/>
		<flag staticattack="90"/>
		<flag targetdistance="1"/>
		<flag runonhealth="20"/>
	</flags>
	<attacks>
		<attack name="melee" interval="2000" min="-10" max="-30"/>
		<attack name="physical" interval="1000" chance="15" range="7" min="-5" max="-20">
			<attribute key="shootEffect" value="poison"/>
		</attack>
	</attacks>
	<defenses armor="12" defense="10"/>
	<elements>
		<element earthPercent="40"/>
		<element icePercent="25"/>
		<element firePercent="-10"/>
	</elements>
	<voices interval="5000" chance="30">
		<voice sentence="Ribbit, ribbit!"/>
		<voice sentence="Ribbit!"/>
	</voices>
	<loot>
		<item id="2148" countmax="12" chance="60000"/><!-- gold coin -->
		<item id="2666" countmax="2" chance="12000"/><!-- meat -->
		<item id="2667" countmax="1" chance="10000"/><!-- fish -->
		<item id="2398" chance="7500"/><!-- mace -->
		<item id="2382" chance="17000"/><!-- club -->
		<item id="2391" chance="400"/><!-- war hammer -->
	</loot>
</monster>
