﻿<?xml version="1.0" encoding="UTF-8"?>
<monster name="Crypt Shambler" nameDescription="a crypt shambler" race="undead" experience="195" speed="180" manacost="0">
	<health now="330" max="330"/>
	<look type="100" corpse="6029"/>
	<targetchange interval="5000" chance="8"/>
	<strategy attack="100" defense="0"/>
	<flags>
		<flag summonable="0"/>
		<flag attackable="1"/>
		<flag hostile="1"/>
		<flag illusionable="1"/>
		<flag convinceable="1"/>
		<flag pushable="0"/>
		<flag canpushitems="1"/>
		<flag canpushcreatures="1"/>
		<flag targetdistance="1"/>
		<flag staticattack="90"/>
		<flag runonhealth="0"/>
	</flags>
	<attacks>
		<attack name="melee" interval="2000" skill="60" attack="39"/>
		<attack name="lifedrain" interval="1000" chance="13" range="1" min="-25" max="-55"/>
	</attacks>
	<defenses armor="15" defense="10"/>
	<elements>
		<element deathPercent="100"/>
		<element earthPercent="100"/>
		<element holyPercent="-25"/>
	</elements>
	<immunities>
		<immunity lifedrain="1"/>
		<immunity paralyze="1"/>
	</immunities>
	<voices interval="5000" chance="10">
		<voice sentence="Uhhhhhhh!"/>
		<voice sentence="Aaaaahhhh!"/>
		<voice sentence="Hoooohhh!"/>
		<voice sentence="Chhhhhhh!"/>
	</voices>
	<loot>
		<item id="3976" countmax="10" chance="50000"/><!-- worm -->
		<item id="2148" countmax="15" chance="100000"/><!-- gold coin -->
		<item id="2671" countmax="2" chance="33333"/><!-- ham -->
		<item id="1987" chance="100000"><!-- bag -->
			<inside>
				<item id="2377" chance="2857"/><!-- two handed sword -->
				<item id="2399" countmax="2" chance="33333"/><!-- throwing star -->
				<item id="2450" chance="5000"/><!-- bone sword -->
				<item id="2482" chance="20000"/><!-- studded helmet -->
				<item id="2541" chance="2000"/><!-- bone shield -->
			</inside>
		</item>
	</loot>
</monster>
