<?xml version="1.0" encoding="UTF-8"?>
<monster name="Zombie" nameDescription="a zombie" race="undead" experience="280" speed="180" manacost="0">
	<health now="500" max="500"/>
	<look type="311" corpse="9875"/>
	<targetchange interval="5000" chance="8"/>
	<strategy attack="100" defense="0"/>
	<flags>
		<flag summonable="0"/>
		<flag attackable="1"/>
		<flag hostile="1"/>
		<flag illusionable="0"/>
		<flag convinceable="0"/>
		<flag pushable="0"/>
		<flag canpushitems="1"/>
		<flag canpushcreatures="1"/>
		<flag targetdistance="1"/>
		<flag staticattack="90"/>
		<flag runonhealth="0"/>
	</flags>
	<attacks>
		<attack name="melee" interval="2000" min="-0" max="-120"/>
		<attack name="manadrain" interval="1000" chance="13" range="1" min="-0" max="-45"/>
	</attacks>
	<defenses armor="15" defense="10"/>
	<elements>
		<element firePercent="-40"/>
	</elements>
	<immunities>
		<immunity death="1"/>
		<immunity energy="1"/>
		<immunity ice="1"/>
		<immunity earth="1"/>
		<immunity lifedrain="1"/>
		<immunity paralyze="1"/>
	</immunities>
	<voices interval="5000" chance="10">
		<voice sentence="Mst.... klll...."/>
		<voice sentence="Whrrrr... ssss.... mmm.... grrrrl"/>
		<voice sentence="Dnnnt... cmmm... clsrrr...."/>
		<voice sentence="Httt.... hmnnsss..."/>
	</voices>
	<loot>
		<item id="3976" countmax="10" chance="50000"/><!-- worm -->
		<item id="2148" countmax="52" chance="100000"/><!-- gold coin -->
		<item id="1987" chance="100000"><!-- bag -->
			<inside>
				<item id="2381" chance="2857"/><!-- battle hammer -->
				<item id="2398" chance="10000"/><!-- mace -->
				<item id="2457" chance="5000"/><!-- steel helmet -->
				<item id="2056" chance="20000"/><!-- torch -->
				<item id="7620" chance="4000"/><!-- mana potion -->
				<item id="9808" chance="3000"/><!-- rusty armor -->
				<item id="2205" chance="2000"/><!-- life ring -->
			</inside>
		</item>
	</loot>
</monster>
