<?xml version="1.0" encoding="UTF-8"?>
<monster name="Tiger" nameDescription="a tiger" race="blood" experience="40" speed="240" manacost="420">
	<health now="75" max="75"/>
	<look type="125" corpse="6051"/>
	<targetchange interval="5000" chance="8"/>
	<strategy attack="100" defense="0"/>
	<flags>
		<flag summonable="1"/>
		<flag attackable="1"/>
		<flag hostile="1"/>
		<flag illusionable="1"/>
		<flag convinceable="1"/>
		<flag pushable="0"/>
		<flag canpushitems="1"/>
		<flag canpushcreatures="1"/>
		<flag targetdistance="1"/>
		<flag staticattack="90"/>
		<flag runonhealth="0"/>
	</flags>
	<attacks>
		<attack name="melee" interval="1500" skill="42" attack="15"/>
	</attacks>
	<defenses armor="5" defense="15">
		<defense name="speed" interval="1000" chance="12" speedchange="567" duration="3000">
			<attribute key="areaEffect" value="redshimmer"/>
		</defense>
	</defenses>
	<elements>
		<element deathPercent="-10"/>
		<element icePercent="-8"/>
	</elements>
	<loot>
		<item id="3976" countmax="10" chance="50000"/><!-- worm -->
		<item id="2671" countmax="2" chance="33333"/><!-- ham -->
		<item id="2666" countmax="3" chance="33333"/><!-- meat -->
		<item id="3976" countmax="10" chance="50000"/><!-- worm -->
	</loot>
</monster>
