﻿<?xml version="1.0" encoding="UTF-8"?>
<monster name="Bandit" nameDescription="a bandit" race="blood" experience="65" speed="180" manacost="450">
	<health now="245" max="245"/>
	<look type="129" head="58" body="59" legs="45" feet="114" corpse="6080"/>
	<targetchange interval="5000" chance="8"/>
	<strategy attack="100" defense="0"/>
	<flags>
		<flag summonable="1"/>
		<flag attackable="1"/>
		<flag hostile="1"/>
		<flag illusionable="1"/>
		<flag convinceable="1"/>
		<flag pushable="1"/>
		<flag canpushitems="1"/>
		<flag canpushcreatures="0"/>
		<flag targetdistance="1"/>
		<flag staticattack="90"/>
		<flag runonhealth="25"/>
	</flags>
	<attacks>
		<attack name="melee" interval="2000" min="-5" max="-43"/>
	</attacks>
	<defenses armor="11" defense="15"/>
	<elements>
		<element physicalPercent="-12"/>
		<element deathPercent="-5"/>
	</elements>
	<voices interval="5000" chance="10">
		<voice sentence="Your money or your life!"/>
		<voice sentence="Hand me your purse!"/>
	</voices>
	<loot>
		<item id="2148" countmax="28" chance="100000"/><!-- gold coin -->
		<item id="2388" chance="6666"/><!-- hatchet -->
		<item id="2386" chance="5000"/><!-- axe -->
		<item id="2484" chance="20000"/><!-- studded armor -->
		<item id="2530" chance="6666"/><!-- copper shield -->
		<item id="2649" chance="10000"/><!-- leather legs -->
		<item id="1987" chance="100000"><!-- bag -->
			<inside>
				<item id="2787" countmax="2" chance="20000"/><!-- white mushroom -->
			</inside>
		</item>
	</loot>
</monster>
