﻿<?xml version="1.0" encoding="UTF-8"?>
<monster name="Hero" nameDescription="a hero" race="blood" experience="1200" speed="268" manacost="0">
	<health now="1400" max="1400"/>
	<look type="73" corpse="6080"/>
	<targetchange interval="5000" chance="8"/>
	<strategy attack="100" defense="0"/>
	<flags>
		<flag summonable="0"/>
		<flag attackable="1"/>
		<flag hostile="1"/>
		<flag illusionable="0"/>
		<flag convinceable="0"/>
		<flag pushable="0"/>
		<flag canpushitems="1"/>
		<flag canpushcreatures="1"/>
		<flag targetdistance="1"/>
		<flag staticattack="90"/>
		<flag runonhealth="0"/>
	</flags>
	<attacks>
		<attack name="melee" interval="2000" min="-40" max="-240"/>
		<attack name="physical" interval="3000" chance="25" range="7" min="-20" max="-120">
			<attribute key="shootEffect" value="arrow"/>
		</attack>
	</attacks>
	<defenses armor="30" defense="20">
		<defense name="healing" interval="1000" chance="10" min="100" max="200">
			<attribute key="areaEffect" value="blueshimmer"/>
		</defense>
	</defenses>
	<elements>
		<element energyPercent="25"/>
		<element icePercent="20"/>
		<element firePercent="20"/>
		<element holyPercent="20"/>
		<element earthPercent="20"/>
		<element physicalPercent="15"/>
		<element deathPercent="-37"/>
	</elements>
	<immunities>
		<immunity paralyze="1"/>
		<immunity invisible="1"/>
	</immunities>
	<voices interval="5000" chance="10">
		<voice sentence="Let's have a fight!"/>
		<voice sentence="Welcome to my battleground."/>
		<voice sentence="Have you seen princess Lumelia?"/>
		<voice sentence="I will sing a tune at your grave."/>
	</voices>
	<loot>
		<item id="2491" chance="1200"/><!-- crown helmet -->
		<item id="2148" countmax="100" chance="100000"/><!-- gold coin -->
		<item id="2120" chance="20000"/><!-- rope -->
		<item id="1949" chance="10000"/><!-- scroll -->
		<item id="2456" chance="10000"/><!-- bow -->
		<item id="2661" chance="12000"/><!-- scarf -->
		<item id="2681" chance="10000"/><!-- grapes -->
		<item id="2121" chance="6666"/><!-- wedding ring -->
		<item id="2666" countmax="3" chance="20000"/><!-- meat -->
		<item id="5911" countmax="1" chance="5000"/><!-- red piece of cloth -->
		<item id="1987" chance="100000"><!-- bag -->
			<inside>
				<item id="2377" chance="1500"/><!-- two handed sword -->
				<item id="2487" chance="600"/><!-- crown armor -->
				<item id="2392" chance="700"/><!-- fire sword -->
				<item id="2519" chance="900"/><!-- crown shield -->
				<item id="2488" chance="800"/><!-- crown legs -->
				<item id="2071" chance="10000"/><!-- lyre -->
				<item id="2544" countmax="13" chance="20000"/><!-- arrow -->
				<item id="2652" chance="10000"/><!-- green tunic -->
				<item id="2164" chance="1000"/><!-- might ring -->
				<item id="7364" countmax="8" chance="2000"/><!-- sniper arrow -->
				<item id="2391" chance="1333"/><!-- war hammer -->
				<item id="2744" chance="20000"/><!-- red rose -->
			</inside>
		</item>
	</loot>
</monster>
