﻿<?xml version="1.0" encoding="UTF-8"?>
<monster name="Hunter" nameDescription="a hunter" race="blood" experience="150" speed="215" manacost="0">
	<health now="150" max="150"/>
	<look type="129" head="95" body="116" legs="121" feet="115" corpse="6080"/>
	<targetchange interval="5000" chance="8"/>
	<strategy attack="100" defense="0"/>
	<flags>
		<flag summonable="0"/>
		<flag attackable="1"/>
		<flag hostile="1"/>
		<flag illusionable="1"/>
		<flag convinceable="1"/>
		<flag pushable="0"/>
		<flag canpushitems="1"/>
		<flag canpushcreatures="0"/>
		<flag targetdistance="4"/>
		<flag staticattack="90"/>
		<flag runonhealth="10"/>
	</flags>
	<attacks>
		<attack name="melee" interval="2000" min="-0" max="-50"/>
		<attack name="physical" interval="2000" chance="50" range="7" min="-50" max="-100">
			<attribute key="shootEffect" value="arrow"/>
		</attack>
	</attacks>
	<defenses armor="8" defense="10"/>
	<elements>
		<element holyPercent="20"/>
		<element physicalPercent="-20"/>
	</elements>
	<voices interval="5000" chance="10">
		<voice sentence="Guess who we're hunting, haha!"/>
		<voice sentence="Guess who we are hunting!"/>
		<voice sentence="Bullseye!"/>
		<voice sentence="You'll make a nice trophy!"/>
	</voices>
	<loot>
		<item id="2148" countmax="20" chance="100000"/><!-- gold coin -->
		<item id="2465" chance="10000"/><!-- brass armor -->
		<item id="2461" chance="10000"/><!-- leather helmet -->
		<item id="2649" chance="10000"/><!-- leather legs -->
		<item id="2671" countmax="2" chance="20000"/><!-- ham -->
		<item id="5875" chance="5000"/><!-- sniper gloves -->
		<item id="1987" chance="100000"><!-- bag -->
			<inside>
				<item id="2456" chance="6666"/><!-- bow -->
				<item id="2544" countmax="15" chance="10000"/><!-- arrow -->
				<item id="2546" countmax="5" chance="10000"/><!-- burst arrow -->
				<item id="2147" countmax="2" chance="3333"/><!-- small ruby -->
				<item id="2675" countmax="4" chance="6666"/><!-- orange -->
				<item id="2690" countmax="4" chance="6666"/><!-- roll -->
				<item id="2050" chance="20000"/><!-- torch -->
				<item id="2478" chance="3333"/><!-- brass legs -->
				<item id="2652" chance="2222"/><!-- green tunic -->
				<item id="2201" chance="2500"/><!-- dragon necklace -->
			</inside>
		</item>
	</loot>
</monster>
