﻿<?xml version="1.0" encoding="UTF-8"?>
<monster name="Poacher" nameDescription="a poacher" race="blood" experience="70" speed="205" manacost="530">
	<health now="90" max="90"/>
	<look type="129" head="115" body="119" legs="119" feet="115" addons="1" corpse="6080"/>
	<targetchange interval="5000" chance="8"/>
	<strategy attack="100" defense="0"/>
	<flags>
		<flag summonable="0"/>
		<flag attackable="1"/>
		<flag hostile="1"/>
		<flag illusionable="1"/>
		<flag convinceable="1"/>
		<flag pushable="0"/>
		<flag canpushitems="1"/>
		<flag canpushcreatures="0"/>
		<flag targetdistance="4"/>
		<flag staticattack="90"/>
		<flag runonhealth="5"/>
	</flags>
	<attacks>
		<attack name="melee" interval="2000" min="-0" max="-35"/>
		<attack name="physical" interval="2000" chance="50" range="7" min="-10" max="-35">
			<attribute key="shootEffect" value="arrow"/>
		</attack>
	</attacks>
	<defenses armor="8" defense="10"/>
	<voices interval="5000" chance="10">
		<voice sentence="You will not live to tell anyone!"/>
		<voice sentence="You are my game today!"/>
		<voice sentence="Look what has stepped into my trap!"/>
	</voices>
	<loot>
		<item id="2671" countmax="2" chance1="20000" chancemax="0"/>
		<item id="2544" countmax="15" chance1="10000" chancemax="0"/>
		<item id="2545" countmax="5" chance1="10000" chancemax="0"/>
		<item id="2649" chance="10000"/>
		<item id="2461" chance="10000"/>
		<item id="2050" chance="20000"/>
		<item id="2456" chance="6666"/>
		<item id="2578" chance="4000"/>
	</loot>
</monster>
