﻿<?xml version="1.0" encoding="UTF-8"?>
<monster name="Wyvern" nameDescription="a wyvern" race="blood" experience="515" speed="315" manacost="0">
	<health now="795" max="795"/>
	<look type="239" corpse="6302"/>
	<targetchange interval="5000" chance="8"/>
	<strategy attack="100" defense="0"/>
	<flags>
		<flag summonable="0"/>
		<flag attackable="1"/>
		<flag hostile="1"/>
		<flag illusionable="1"/>
		<flag convinceable="0"/>
		<flag pushable="0"/>
		<flag canpushitems="1"/>
		<flag canpushcreatures="1"/>
		<flag targetdistance="1"/>
		<flag staticattack="90"/>
		<flag runonhealth="300"/>
	</flags>
	<attacks>
		<attack name="melee" interval="2000" min="-60" max="-120" poison="22"/>
		<attack name="poison" interval="3000" chance="12" length="8" spread="3" min="-30" max="-120">
			<attribute key="areaEffect" value="poison"/>
		</attack>
		<attack name="melee" interval="2000" chance="12" length="8" spread="3" min="-30" max="-120">
			<attribute key="areaEffect" value="rednote"/>
		</attack>
		<attack name="drunk" interval="4000" chance="2" range="7">
			<attribute key="shootEffect" value="poison"/>
			<attribute key="areaEffect" value="rednote"/>
		</attack>
	</attacks>
	<defenses armor="25" defense="18">
		<defense name="healing" interval="1000" chance="13" min="34" max="56">
			<attribute key="areaEffect" value="blueshimmer"/>
		</defense>
	</defenses>
	<elements>
		<element energyPercent="20"/>
		<element icePercent="10"/>
	</elements>
	<immunities>
		<immunity drunk="1"/>
		<immunity invisible="1"/>
	</immunities>
	<voices interval="5000" chance="10">
		<voice sentence="Shriiiek" yell="1"/>
	</voices>
	<loot>
		<item id="2148" countmax="67" chance="100000"/><!-- gold coin -->
		<item id="2672" countmax="3" chance="20000"/><!-- dragon ham -->
		<item id="1976" chance="3333"/><!-- book -->
		<item id="2547" countmax="3" chance="1667"/><!-- power bolt -->
		<item id="2647" chance="2000"/><!-- plate legs -->
		<item id="7408" chance="2000"/><!-- wydern fang -->
		<item id="1987" chance="100000"><!-- bag -->
			<inside>
				<item id="2127" chance="1818"/><!-- emerald bangle -->
				<item id="2187" chance="1111"/><!-- wand of inferno -->
				<item id="2146" chance="1000" countmax="1"/><!-- small sapphire -->
			</inside>
		</item>
	</loot>
</monster>
