﻿<?xml version="1.0" encoding="UTF-8"?>
<monster name="Nightmare" nameDescription="a nightmare" race="blood" experience="2150" speed="270" manacost="0">
	<health now="2700" max="2700"/>
	<look type="245" corpse="6340"/>
	<targetchange interval="5000" chance="8"/>
	<strategy attack="100" defense="0"/>
	<flags>
		<flag summonable="0"/>
		<flag attackable="1"/>
		<flag hostile="1"/>
		<flag illusionable="1"/>
		<flag convinceable="0"/>
		<flag pushable="0"/>
		<flag canpushitems="1"/>
		<flag canpushcreatures="1"/>
		<flag targetdistance="1"/>
		<flag staticattack="90"/>
		<flag runonhealth="0"/>
	</flags>
	<attacks>
		<attack name="melee" interval="2000" min="-0" max="-150"/>
		<attack name="energy" interval="2000" chance="20" range="7" radius="1" target="1" min="-130" max="-170">
			<attribute key="shootEffect" value="fire"/>
			<attribute key="areaEffect" value="energy"/>
		</attack>
		<attack name="melee" interval="3000" chance="18" range="7" radius="4" target="1" min="-250" max="-400">
			<attribute key="shootEffect" value="poison"/>
			<attribute key="areaEffect" value="poison"/>
		</attack>
	</attacks>
	<defenses armor="25" defense="20">
		<defense name="healing" interval="1000" chance="50" min="100" max="155">
			<attribute key="areaEffect" value="blueshimmer"/>
		</defense>
		<defense name="speed" interval="1000" chance="40" speedchange="360" duration="80000">
			<attribute key="areaEffect" value="redshimmer"/>
		</defense>
	</defenses>
	<elements>
		<element deathPercent="100"/>
		<element firePercent="25"/>
		<element energyPercent="20"/>
		<element earthPercent="10"/>
		<element icePercent="10"/>
		<element holyPercent="-25"/>
	</elements>
	<immunities>
		<immunity invisible="1"/>
	</immunities>
	<voices interval="5000" chance="10">
		<voice sentence="Close your eyes... I want to show you something!"/>
		<voice sentence="I will haunt you forever!"/>
		<voice sentence="I will make you scream!"/>
		<voice sentence="Pffffrrrrrrrrrrrr."/>
		<voice sentence="Take a ride with me."/>
		<voice sentence="Weeeheeheeeheee!"/>
	</voices>
	<loot>
		<item id="2148" countmax="100" chance="100000"/><!-- gold coin -->
		<item id="2152" countmax="3" chance="33333"/><!-- platinum coin -->
		<item id="2666" countmax="3" chance="20000"/><!-- meat -->
		<item id="2671" countmax="2" chance="50000"/><!-- ham -->
		<item id="2230" chance="12500"/><!-- bone -->
		<item id="7427" chance="3500"/><!-- chaos mace -->
		<item id="2532" chance="4000"/><!-- ancient shield -->
		<item id="6500" countmax="1" chance="2500"/><!-- demonic essence -->
		<item id="2387" chance="3333"/><!-- double axe -->
		<item id="1987" chance="100000"><!-- bag -->
			<inside>
				<item id="7419" chance="1100"/><!-- dreaded cleaver -->
				<item id="5944" countmax="1" chance="1818"/><!-- soul orb -->
				<item id="2457" chance="2857"/><!-- steel helmet -->
				<item id="6300" chance="1429"/><!-- death ring -->
				<item id="2477" chance="3333"/><!-- knight legs -->
				<item id="2195" chance="1800"/><!-- boots of haste -->
				<item id="6529" countmax="5" chance="1000"/><!-- infernal bolt -->
				<item id="6526" chance="1333"/><!-- skeleton decoration -->
				<item id="5810" chance="667"/><!-- pirate voodoo doll -->
			</inside>
		</item>
	</loot>
</monster>
