<?xml version="1.0" encoding="UTF-8"?>
<monster name="Wasp" nameDescription="a wasp" race="venom" experience="25" speed="460" manacost="280">
	<health now="35" max="35"/>
	<look type="44" corpse="5989"/>
	<targetchange interval="5000" chance="8"/>
	<strategy attack="100" defense="0"/>
	<flags>
		<flag summonable="1"/>
		<flag attackable="1"/>
		<flag hostile="1"/>
		<flag illusionable="1"/>
		<flag convinceable="1"/>
		<flag pushable="1"/>
		<flag canpushitems="0"/>
		<flag canpushcreatures="0"/>
		<flag targetdistance="1"/>
		<flag staticattack="90"/>
		<flag runonhealth="0"/>
	</flags>
	<attacks>
		<attack name="melee" interval="1500" skill="18" attack="12" poison="2"/>
	</attacks>
	<defenses armor="4" defense="8"/>
	<elements>
		<element earthPercent="100"/>
		<element firePercent="-10"/>
	</elements>
	<voices interval="5000" chance="100">
		<voice sentence="Bssssss"/>
	</voices>
	<loot>
		<item id="5902" countmax="1" chance="5000"/><!-- honeycomb -->
	</loot>
</monster>
