﻿<?xml version="1.0" encoding="UTF-8"?>
<monster name="Morguthis" nameDescription="a morguthis" race="undead" experience="3000" speed="320" manacost="0">
	<health now="4800" max="4800"/>
	<look type="90" corpse="6025"/>
	<targetchange interval="5000" chance="8"/>
	<strategy attack="100" defense="0"/>
	<flags>
		<flag summonable="0"/>
		<flag attackable="1"/>
		<flag hostile="1"/>
		<flag illusionable="0"/>
		<flag convinceable="0"/>
		<flag pushable="0"/>
		<flag canpushitems="1"/>
		<flag canpushcreatures="1"/>
		<flag targetdistance="1"/>
		<flag staticattack="90"/>
		<flag runonhealth="0"/>
	</flags>
	<attacks>
		<attack name="melee" interval="2000" min="-150" max="-900" poison="65"/>
		<attack name="lifedrain" interval="3000" chance="7" range="1" min="-55" max="-550"/>
		<attack name="speed" interval="1000" chance="25" range="7" speedchange="-650" duration="50000">
			<attribute key="areaEffect" value="redshimmer"/>
		</attack>
		<attack name="physical" interval="1000" chance="20" radius="3" target="0" min="-40" max="-400">
			<attribute key="areaEffect" value="blackspark"/>
		</attack>
		<attack name="physical" interval="3000" chance="7" radius="3" target="0" min="-50" max="-500">
			<attribute key="areaEffect" value="mortarea"/>
		</attack>
	</attacks>
	<defenses armor="35" defense="25">
		<defense name="healing" interval="1000" chance="13" min="200" max="300">
			<attribute key="areaEffect" value="blueshimmer"/>
		</defense>
		<defense name="speed" interval="1000" chance="7" speedchange="1201" duration="5000">
			<attribute key="areaEffect" value="redshimmer"/>
		</defense>
		<defense name="invisible" interval="2000" chance="10" duration="4000">
			<attribute key="areaEffect" value="blueshimmer"/>
		</defense>
	</defenses>
	<elements>
		<element deathPercent="100"/>
		<element icePercent="62"/>
		<element firePercent="60"/>
		<element energyPercent="52"/>
		<element earthPercent="-15"/>
		<element holyPercent="-22"/>
	</elements>
	<immunities>
		<immunity paralyze="1"/>
		<immunity invisible="1"/>
	</immunities>
	<summons maxSummons="3">
		<summon name="Hero" interval="2000" chance="1000" max="3"/>
	</summons>
	<voices interval="5000" chance="10">
		<voice sentence="Vengeance!"/>
		<voice sentence="You will make a fine trophy."/>
		<voice sentence="Come and fight me, cowards!"/>
		<voice sentence="I am the supreme warrior!"/>
		<voice sentence="Let me hear the music of battle."/>
		<voice sentence="Anotherone to bite the dust!"/>
	</voices>
	<loot>
		<item id="2148" countmax="100" chance="100000"/><!-- gold coin -->
		<item id="2176" chance="2000"/><!-- orb -->
		<item id="2444" chance="450"/><!-- hammer of wrath -->
		<item id="2148" countmax="100" chance="100000"/><!-- gold coin -->
		<item id="2350" chance="100000"/><!-- sword hilt -->
		<item id="1987" chance="100000"><!-- bag -->
			<inside>
				<item id="2148" countmax="70" chance="100000"/><!-- gold coin -->
				<item id="2550" chance="10000"/><!-- scythe -->
				<item id="2688" countmax="5" chance="4000"/><!-- candy cane -->
				<item id="2540" chance="900"/><!-- scarab shield -->
				<item id="2539" chance="200"/><!-- phoenix shield -->
				<item id="2533" chance="400"/><!-- griffin shield -->
				<item id="2486" chance="300"/><!-- noble armor -->
				<item id="2658" chance="100"/><!-- white dress -->
				<item id="2443" chance="300"/><!-- ravager's axe -->
				<item id="2189" chance="800"/><!-- wand of cosmic energy -->
				<item id="2147" countmax="2" chance="4000"/><!-- small ruby -->
				<item id="2678" countmax="4" chance="4000"/><!-- coconut -->
				<item id="2148" countmax="100" chance="100000"/><!-- gold coin -->
				<item id="2690" countmax="4" chance="4000"/><!-- roll -->
			</inside>
		</item>
	</loot>
</monster>
