<?xml version="1.0" encoding="UTF-8"?>
<monster name="Mutated Tiger" nameDescription="a mutated tiger" race="blood" experience="750" speed="245" manacost="0">
	<health now="1100" max="1100"/>
	<look type="318" corpse="9913"/>
	<targetchange interval="5000" chance="8"/>
	<strategy attack="100" defense="0"/>
	<flags>
		<flag summonable="0"/>
		<flag attackable="1"/>
		<flag hostile="1"/>
		<flag illusionable="1"/>
		<flag convinceable="0"/>
		<flag pushable="0"/>
		<flag canpushitems="1"/>
		<flag canpushcreatures="1"/>
		<flag targetdistance="1"/>
		<flag staticattack="90"/>
		<flag runonhealth="100"/>
	</flags>
	<attacks>
		<attack name="melee" interval="2000" skill="65" attack="65"/>
		<attack name="physical" interval="3000" chance="20" length="8" spread="3" min="-30" max="-130">
			<attribute key="areaEffect" value="redspark"/>
		</attack>
	</attacks>
	<defenses armor="30" defense="30">
		<defense name="invisible" interval="1000" chance="25" duration="9000">
			<attribute key="areaEffect" value="blueshimmer"/>
		</defense>
		<defense name="healing" interval="1000" chance="25" min="150" max="300">
			<attribute key="areaEffect" value="blueshimmer"/>
		</defense>
	</defenses>
	<elements>
		<element firePercent="20"/>
		<element energyPercent="20"/>
		<element icePercent="20"/>
		<element deathPercent="-15"/>
		<element earthPercent="80"/>
	</elements>
	<immunities>
		<immunity paralyze="1"/>
		<immunity drunk="1"/>
		<immunity invisible="1"/>
	</immunities>
	<voices interval="2500" chance="10">
		<voice sentence="GRAAARRRRRR"/>
		<voice sentence="CHHHHHHHHHHH"/>
	</voices>
	<loot>
		<item id="2148" countmax="96" chance="100000"/><!-- gold coin -->
		<item id="2666" countmax="4" chance="100000"/><!-- meat -->
		<item id="7588" chance="900"/><!-- strong health potion -->
		<item id="1987" chance="100000"><!-- bag -->
			<inside>
				<item id="2509" chance="4000"/><!-- steel shield -->
				<item id="2515" chance="700"/><!-- guardian shield -->
				<item id="2168" chance="800"/><!-- life ring -->
				<item id="7454" chance="300"/><!-- glorius axe -->
				<item id="7436" chance="200"/><!-- angelic axe -->
			</inside>
		</item>
	</loot>
</monster>
