﻿<?xml version="1.0" encoding="UTF-8"?>
<monster name="Cyclops" nameDescription="a cyclops" race="blood" experience="150" speed="200" manacost="490">
	<health now="260" max="260"/>
	<look type="22" corpse="5962"/>
	<targetchange interval="5000" chance="8"/>
	<strategy attack="100" defense="0"/>
	<flags>
		<flag summonable="1"/>
		<flag attackable="1"/>
		<flag hostile="1"/>
		<flag illusionable="1"/>
		<flag convinceable="1"/>
		<flag pushable="0"/>
		<flag canpushitems="1"/>
		<flag canpushcreatures="1"/>
		<flag targetdistance="1"/>
		<flag staticattack="90"/>
		<flag runonhealth="0"/>
	</flags>
	<attacks>
		<attack name="melee" interval="2000" min="-0" max="-100"/>
	</attacks>
	<defenses armor="15" defense="20"/>
	<elements>
		<element energyPercent="25"/>
		<element holyPercent="20"/>
		<element earthPercent="-10"/>
		<element deathPercent="-10"/>
	</elements>
	<voices interval="5000" chance="10">
		<voice sentence="Il lorstok human!"/>
		<voice sentence="Toks utat."/>
		<voice sentence="Human, uh whil dyh!"/>
		<voice sentence="Youh ah trak!"/>
		<voice sentence="Let da mashing begin!"/>
	</voices>
	<loot>
		<item id="3976" countmax="10" chance="50000"/><!-- worm -->
		<item id="2148" countmax="80" chance="100000"/><!-- gold coin -->
		<item id="2406" chance="33333"/><!-- short sword -->
		<item id="2209" chance="2000"/><!-- club ring -->
		<item id="2490" chance="4000"/><!-- dark helmet -->
		<item id="2129" chance="6666"/><!-- wolf tooth chain -->
		<item id="2666" countmax="3" chance="33333"/><!-- meat -->
		<item id="1987" chance="100000"><!-- bag -->
			<inside>
				<item id="2513" chance="2500"/><!-- battle shield -->
				<item id="2511" chance="2857"/><!-- brass shield -->
				<item id="2381" chance="5000"/><!-- halberd -->
				<item id="2148" countmax="10" chance="20000"/><!-- gold coin -->
				<item id="2671" countmax="3" chance="33333"/><!-- ham -->
			</inside>
		</item>
	</loot>
</monster>
