﻿<?xml version="1.0" encoding="UTF-8"?>
	<monster name="Barbarian Headsplitter" nameDescription="a barbarian headsplitter" race="blood" experience="85" speed="270" manacost="450">
	<health now="100" max="100"/>
	<look type="253" head="115" body="105" legs="119" feet="132" corpse="6080"/>
	<targetchange interval="60000" chance="0"/>
	<strategy attack="100" defense="0"/>
	<flags>
		<flag summonable="0"/>
		<flag attackable="1"/>
		<flag hostile="1"/>
		<flag illusionable="0"/>
		<flag convinceable="1"/>
		<flag pushable="0"/>
		<flag canpushitems="1"/>
		<flag staticattack="70"/>
		<flag lightlevel="0"/>
		<flag lightcolor="0"/>
		<flag targetdistance="1"/>
		<flag runonhealth="0"/>
	</flags>
	<attacks>
		<attack name="melee" interval="2000" min="-50" max="-150"/>
		<attack name="physical" interval="1000" chance="34" range="7" radius="1" target="1" min="-10" max="-60">
			<attribute key="shootEffect" value="infernalbolt"/>
		</attack>
	</attacks>
	<defenses armor="30" defense="30"/>
	<elements>
		<element icePercent="50"/>
		<element holyPercent="20"/>
		<element energyPercent="20"/>
		<element earthPercent="-13"/>
		<element deathPercent="-7"/>
	</elements>
	<immunities>
		<immunity paralyze="1"/>
	</immunities>
	<voices interval="2000" chance="5">
		<voice sentence="I will regain my honor with your blood!"/>
		<voice sentence="Surrender is not option!"/>
		<voice sentence="Its you or me!"/>
	</voices>
	<loot>
		<item id="2148" countmax="30" chance="33333"/><!-- gold coin -->
		<item id="2111" countmax="6" chance="10000"/><!-- snowball -->
		<item id="2473" chance="10000"/><!-- viking helmet -->
		<item id="7457" chance="10000"/><!-- fur boots -->
		<item id="2460" chance="10000"/><!-- brass helmet -->
		<item id="2403" chance="10000"/><!-- knife -->
		<item id="2473" chance="10000"/><!-- viking helmet -->
		<item id="5913" chance="10000"/><!-- brown piece of cloth -->
		<item id="2050" chance="10000"/><!-- torch -->
		<item id="7449" chance="10000"/><!-- crystal sword -->
		<item id="7461" chance="1000"/><!-- krimhorn helmet -->
		<item id="2320" chance="10000"/><!-- skull -->
	</loot>
</monster>
