﻿<?xml version="1.0" encoding="UTF-8"?>
<monster name="Ice Witch" nameDescription="an ice witch" race="blood" experience="580" speed="188" manacost="0">
	<health now="650" max="650"/>
	<look type="149" head="0" body="47" legs="105" feet="105" addons="0" corpse="6081"/>
	<targetchange interval="2000" chance="5"/>
	<strategy attack="100" defense="0"/>
	<flags>
		<flag summonable="0"/>
		<flag attackable="1"/>
		<flag hostile="1"/>
		<flag illusionable="1"/>
		<flag convinceable="0"/>
		<flag pushable="0"/>
		<flag canpushitems="1"/>
		<flag staticattack="50"/>
		<flag lightlevel="0"/>
		<flag lightcolor="0"/>
		<flag targetdistance="4"/>
		<flag runonhealth="0"/>
	</flags>
	<attacks>
		<attack name="melee" interval="2000" skill="45" attack="30"/>
		<attack name="outfit" interval="1000" chance="10" range="7" item="7172" duration="8000">
			<attribute key="areaEffect" value="blueshimmer"/>
		</attack>
		<attack name="lifedrain" interval="2000" chance="13" length="8" spread="3" min="-60" max="-120">
			<attribute key="areaEffect" value="poff"/>
		</attack>
		<attack name="physical" interval="3000" chance="34" range="7" radius="3" target="1" min="-80" max="-150">
			<attribute key="shootEffect" value="snowball"/>
		</attack>
		<attack name="speed" interval="1000" chance="10" range="7" speedchange="-600" duration="20000">
			<attribute key="areaEffect" value="redshimmer"/>
		</attack>
	</attacks>
	<defenses armor="15" defense="20">
		<defense name="healing" interval="1000" chance="25" min="50" max="80">
			<attribute key="areaEffect" value="blueshimmer"/>
		</defense>
	</defenses>
	<elements>
		<element icePercent="100"/>
		<element firePercent="50"/>
		<element earthPercent="40"/>
		<element holyPercent="26"/>
		<element energyPercent="-10"/>
		<element deathPercent="-10"/>
	</elements>
	<immunities>
		<immunity paralyze="1"/>
		<immunity invisible="1"/>
	</immunities>
	<voices interval="2000" chance="5">
		<voice sentence="So you think you are cool?"/>
		<voice sentence="I hope it is not too cold for you! HeHeHe."/>
		<voice sentence="Freeze!"/>
	</voices>
	<loot>
		<item id="2148" countmax="80" chance="100000"/><!-- gold coin -->
		<item id="7449" chance="1222"/><!-- crystal sword -->
		<item id="7441" chance="5555"/><!-- ice cube -->
		<item id="7387" chance="1444"/><!-- diamond sceptre -->
		<item id="1987" chance="100000"><!-- bag -->
			<inside>
				<item id="2423" chance="3333"/><!-- clerical mace -->
				<item id="2796" countmax="1" chance="9999"/><!-- green mushroom -->
				<item id="2663" chance="1111"/><!-- mystic turban -->
				<item id="7459" chance="1000"/><!-- ear muffs -->
			</inside>
		</item>
	</loot>
</monster>
