<?xml version="1.0" encoding="UTF-8"?>
<monster name="Medusa" nameDescription="a medusa" race="blood" experience="4050" speed="240" manacost="0">
	<health now="4500" max="4500"/>
	<look type="330" corpse="10524"/>
	<targetchange interval="5000" chance="8"/>
	<strategy attack="100" defense="0"/>
	<flags>
		<flag summonable="0"/>
		<flag attackable="1"/>
		<flag hostile="1"/>
		<flag illusionable="0"/>
		<flag convinceable="0"/>
		<flag pushable="0"/>
		<flag canpushitems="1"/>
		<flag canpushcreatures="1"/>
		<flag targetdistance="1"/>
		<flag staticattack="90"/>
		<flag runonhealth="275"/>
	</flags>
	<attacks>
		<attack name="melee" interval="2000" skill="80" attack="83" poison="920"/>
		<attack name="earth" interval="1000" chance="10" length="8" spread="3" min="-250" max="-350">
			<attribute key="areaEffect" value="carniphila"/>
		</attack>
		<attack name="lifedrain" interval="1000" chance="15" range="7" min="-20" max="-200"> 
			<attribute key="shootEffect" value="earth"/>
			<attribute key="areaeffect" value="carniphila"/>
		</attack>
		<attack name="speed" interval="1000" chance="10" radius="5" target="0" duration="12000" speedchange="-700">
			<attribute key="areaEffect" value="poff"/>
		</attack>
		<attack name="speed" interval="1000" chance="30" range="7" duration="12000" speedchange="-700">
			<attribute key="areaEffect" value="redshimmer"/>
			<outfit type="333"/>
		</attack>
	</attacks>
	<defenses armor="25" defense="25">
		<defense name="healing" interval="1000" chance="18" min="200" max="400">
			<attribute key="areaEffect" value="blueshimmer"/>
		</defense>
	</defenses>
	<elements>
		<element icePercent="20"/>
		<element firePercent="-5"/>
		<element energyPercent="-10"/>
	</elements>
	<immunities>
		<immunity earth="1"/>
		<immunity paralyze="1"/>
		<immunity invisible="1"/>
	</immunities>
	<voices interval="5000" chance="10">
		<voice sentence="You will ssuch a fine ssstatue!"/>
		<voice sentence="There isss no chhhanccce of esscape"/>
		<voice sentence="Are you tired or why are you moving thhat sslow"/>
	</voices>
	<loot>
		<item id="2148" countmax="100" chance="100000"/><!-- gold coin -->
		<item id="2148" countmax="50" chance="100000"/><!-- gold coin -->
		<item id="2152" countmax="2" chance="100000"/><!-- platinum coin -->
		<item id="2149" countmax="3" chance="6500"/><!-- small emerald -->
		<item id="2476" chance="4600"/><!-- knight armor -->
		<item id="1987" chance="100000"><!-- bag -->
			<item id="8473" chance="5000"/><!-- ultimate health potion -->
			<item id="8473" chance="4980"/><!-- ultimate health potion -->
			<item id="7589" chance="5300"/><!-- strong mana potion -->
			<item id="7589" chance="5320"/><!-- strong mana potion -->
			<item id="7887" chance="4800"/><!-- terra amulet -->
			<item id="2143" chance="5100"/><!-- white pearl -->
			<item id="2536" chance="4400"/><!-- medusa shield -->
			<item id="10219" chance="4000"/><!-- sacred tree amulet -->
		</item>
	</loot>
</monster>
