<?xml version="1.0" encoding="UTF-8"?>
<monster name="Witch" nameDescription="a witch" race="blood" experience="120" speed="180" manacost="0">
	<health now="300" max="300"/>
	<look type="54" corpse="6081"/>
	<targetchange interval="5000" chance="8"/>
	<strategy attack="100" defense="0"/>
	<flags>
		<flag summonable="0"/>
		<flag attackable="1"/>
		<flag hostile="1"/>
		<flag illusionable="1"/>
		<flag convinceable="0"/>
		<flag pushable="0"/>
		<flag canpushitems="1"/>
		<flag canpushcreatures="0"/>
		<flag targetdistance="4"/>
		<flag staticattack="90"/>
		<flag runonhealth="30"/>
	</flags>
	<attacks>
		<attack name="melee" interval="2000" skill="18" attack="18"/>
		<attack name="fire" interval="1000" chance="20" range="7" min="-30" max="-75">
			<attribute key="shootEffect" value="fire"/>
		</attack>
		<attack name="firefield" interval="1000" chance="13" range="7" radius="1" target="1">
			<attribute key="shootEffect" value="fire"/>
		</attack>
	</attacks>
	<defenses armor="8" defense="12"/>
	<elements>
		<element energyPercent="100"/>
		<element earthPercent="30"/>
		<element deathPercent="-5"/>
		<element physicalPercent="-14"/>
	</elements>
	<immunities>
		<immunity invisible="1"/>
	</immunities>
	<voices interval="5000" chance="10">
		<voice sentence="Horax pokti! Hihihihi!"/>
		<voice sentence="Herba budinia ex!"/>
	</voices>
	<loot>
		<item id="2148" countmax="20" chance="100000"/><!-- gold coin -->
		<item id="2129" chance="10000"/><!-- wolf tooth chain -->
		<item id="2185" chance="833"/><!-- necrotic rod -->
		<item id="2643" chance="10000"/><!-- leather boots -->
		<item id="2651" chance="5000"/><!-- coat -->
		<item id="2696" chance="33333"/><!-- cheese -->
		<item id="1987" chance="100000"><!-- bag -->
			<inside>
				<item id="2405" chance="5000"/><!-- sickle -->
				<item id="2442" chance="1666"/><!-- heavy machete -->
				<item id="2324" chance="10000"/><!-- broom -->
				<item id="2654" chance="3333"/><!-- cape -->
				<item id="2418" chance="1000"/><!-- golden sickle -->
				<item id="2199" chance="1428"/><!-- garlic necklace -->
				<item id="2801" countmax="1" chance="1333"/><!-- fern -->
			</inside>
		</item>
	</loot>
</monster>
