﻿<?xml version="1.0" encoding="UTF-8"?>
<monster name="Quara Mantassin" nameDescription="a quara mantassin" race="blood" experience="400" speed="520" manacost="480">
	<health now="800" max="800"/>
	<look type="72" corpse="6064"/>
	<targetchange interval="5000" chance="8"/>
	<strategy attack="100" defense="0"/>
	<flags>
		<flag summonable="0"/>
		<flag attackable="1"/>
		<flag hostile="1"/>
		<flag illusionable="0"/>
		<flag convinceable="1"/>
		<flag pushable="0"/>
		<flag canpushitems="1"/>
		<flag canpushcreatures="0"/>
		<flag staticattack="90"/>
		<flag targetdistance="1"/>
		<flag runonhealth="40"/>
	</flags>
	<attacks>
		<attack name="melee" interval="1000" skill="60" attack="65"/>
	</attacks>
	<defenses armor="15" defense="15">
		<defense name="invisible" interval="1000" chance="30" duration="2000">
			<attribute key="areaEffect" value="redshimmer"/>
		</defense>
	</defenses>
	<elements>
		<element firePercent="100"/>
		<element icePercent="100"/>
		<element earthPercent="-12"/>
		<element energyPercent="-25"/>
	</elements>
	<immunities>
		<immunity lifedrain="1"/>
	</immunities>
	<voices interval="5000" chance="10">
		<voice sentence="Zuerk Pachak!"/>
		<voice sentence="Shrrrr"/>
	</voices>
	<loot>
		<item id="2670" countmax="5" chance="20000"/><!-- shrimp -->
		<item id="5895" countmax="1" chance="2000"/><!-- fish fin -->
		<item id="2148" countmax="100" chance="100000"/><!-- gold coin -->
		<item id="2377" chance="1818"/><!-- two handed sword -->
		<item id="1987" chance="100000"><!-- bag -->
			<inside>
				<item id="5895" countmax="1" chance="3333"/><!-- fish fin -->
				<item id="2229" countmax="1" chance="4000"/><!-- skull -->
				<item id="2165" chance="1250"/><!-- stealth ring -->
				<item id="2656" chance="500"/><!-- blue robe -->
			</inside>
		</item>
	</loot>
</monster>
