﻿<?xml version="1.0" encoding="UTF-8"?>
<monster name="Quara Constrictor Scout" nameDescription="a quara constrictor scout" race="undead" experience="250" speed="290" manacost="670">
	<health now="450" max="450"/>
	<look type="46" corpse="6065"/>
	<targetchange interval="5000" chance="8"/>
	<strategy attack="100" defense="0"/>
	<flags>
		<flag summonable="0"/>
		<flag attackable="1"/>
		<flag hostile="1"/>
		<flag illusionable="0"/>
		<flag convinceable="1"/>
		<flag pushable="0"/>
		<flag canpushitems="1"/>
		<flag canpushcreatures="0"/>
		<flag staticattack="90"/>
		<flag targetdistance="1"/>
		<flag runonhealth="0"/>
	</flags>
	<attacks>
		<attack name="melee" interval="2000" skill="65" attack="55"/>
		<attack name="lifedrain" interval="1000" chance="13" radius="3" target="0" min="-50" max="-90">
			<attribute key="areaEffect" value="redshimmer"/>
		</attack>
	</attacks>
	<defenses armor="15" defense="15"/>
	<elements>
		<element energyPercent="-10"/>
		<element physicalPercent="-5"/>
	</elements>
	<immunities>
		<immunity fire="1"/>
		<immunity lifedrain="0"/>
		<immunity paralyze="0"/>
		<immunity ice="1"/>
		<immunity invisible="0"/>
	</immunities>
	<loot>
		<item id="2670" countmax="5" chance="20000"/><!-- shrimp -->
		<item id="2148" countmax="20" chance="100000"/><!-- gold coin -->
		<item id="2150" countmax="3" chance="2222"/><!-- small amethyst -->
		<item id="2397" chance="3333"/><!-- longsword -->
		<item id="2381" chance="2222"/><!-- halberd -->
		<item id="2460" chance="4000"/><!-- brass helmet -->
		<item id="2465" chance="2857"/><!-- brass armor -->
		<item id="5895" countmax="1" chance="1800"/><!-- fish fin -->
	</loot>
</monster>
