﻿<?xml version="1.0" encoding="UTF-8"?>
<monster name="Bat" namedescription="a bat" race="blood" experience="10" speed="200" manacost="250">
	<health now="30" max="30"/>
	<look type="122" corpse="6053"/>
	<targetchange interval="2000" chance="0"/>
	<strategy attack="100" defense="0"/>
	<flags>
		<flag summonable="1"/>
		<flag attackable="1"/>
		<flag hostile="1"/>
		<flag illusionable="1"/>
		<flag convinceable="1"/>
		<flag pushable="1"/>
		<flag canpushitems="0"/>
		<flag canpushcreatures="0"/>
		<flag targetdistance="1"/>
		<flag staticattack="90"/>
		<flag runonhealth="3"/>
	</flags>
	<attacks>
		<attack name="melee" interval="2000" skill="16" attack="8"/>
	</attacks>
	<defenses armor="1" defense="6"/>
	<elements>
		<element earthPercent="-20"/>
	</elements>
	<loot>
		<item id="3976" countmax="10" chance="50000"/><!-- worm -->
		<item id="3976" countmax="10" chance="50000"/><!-- worm -->
		<item id="2671" countmax="2" chance="100000"/><!-- ham -->
		<item id="2681" chance="20000"/><!-- grapes -->
		<item id="5894" countmax="1" chance="5000"/><!-- bat wing -->
	</loot>
</monster>
