﻿<?xml version="1.0" encoding="UTF-8"?>
<monster name="Pirate Corsair" nameDescription="a pirate corsair" race="blood" experience="350" speed="230" manacost="775">
	<health now="675" max="675"/>
	<look type="98" corpse="6080"/>
	<targetchange interval="5000" chance="8"/>
	<strategy attack="100" defense="0"/>
	<flags>
		<flag summonable="0"/>
		<flag attackable="1"/>
		<flag hostile="1"/>
		<flag illusionable="0"/>
		<flag convinceable="1"/>
		<flag pushable="0"/>
		<flag canpushitems="1"/>
		<flag canpushcreatures="1"/>
		<flag staticattack="90"/>
		<flag targetdistance="1"/>
		<flag runonhealth="0"/>
	</flags>
	<attacks>
		<attack name="melee" interval="2000" min="-0" max="-170"/>
		<attack name="physical" interval="3000" chance="17" range="7" min="-50" max="-70">
			<attribute key="shootEffect" value="throwingstar"/>
		</attack>
		<attack name="melee" interval="1000" chance="30" range="7" radius="3" target="0" min="-0" max="-0">
			<attribute key="areaEffect" value="rednote"/>
		</attack>
	</attacks>
	<defenses armor="25" defense="20"/>
	<elements>
		<element earthPercent="32"/>
		<element holyPercent="30"/>
		<element deathPercent="-8"/>
		<element icePercent="-10"/>
		<element firePercent="-17"/>
	</elements>
	<immunities>
		<immunity invisible="1"/>
	</immunities>
	<voices interval="5000" chance="10">
		<voice sentence="Give up!"/>
		<voice sentence="Hiyaa!"/>
		<voice sentence="Plundeeeeer!"/>
	</voices>
	<loot>
		<item id="2148" countmax="74" chance="40000"/><!-- gold coin -->
		<item id="2385" chance="10321"/><!-- sabre -->
		<item id="2114" chance="833"/><!-- piggy bank -->
		<item id="2489" chance="1333"/><!-- dark armor -->
		<item id="2521" chance="1000"/><!-- dark shield -->
		<item id="6096" chance="909"/><!-- pirate hat -->
		<item id="6095" chance="5000"/><!-- pirate shirt -->
		<item id="5926" chance="100000"><!-- pirate backpack -->
			<inside>
				<item id="5091" chance="1666"/><!-- treasure map -->
				<item id="5462" chance="450"/><!-- pirate boots -->
				<item id="5792" chance="3333"/><!-- dice -->
				<item id="2376" chance="6666"/><!-- sword -->
				<item id="6098" countmax="1" chance="5000"/><!-- eye patch -->
			</inside>
		</item>
	</loot>
</monster>
