<?xml version="1.0" encoding="UTF-8"?>
<monster name="Sea Serpent" nameDescription="a sea serpent" race="blood" experience="2300" speed="658" manacost="0">
	<health now="3200" max="3200"/>
	<look type="275" corpse="8307"/>
	<targetchange interval="2000" chance="50"/>
	<strategy attack="100" defense="0"/>
	<flags>
		<flag summonable="0"/>
		<flag attackable="1"/>
		<flag hostile="1"/>
		<flag illusionable="0"/>
		<flag convinceable="0"/>
		<flag pushable="0"/>
		<flag canpushitems="1"/>
		<flag canpushcreatures="1"/>
		<flag targetdistance="0"/>
		<flag runonhealth="320"/>
	</flags>
	<attacks>
		<attack name="melee" interval="2000" skill="75" attack="70"/>
		<attack name="earth" interval="1000" chance="8" length="9" spread="3" min="-60" max="-275">
			<attribute key="areaEffect" value="bigplants"/>
		</attack>
		<attack name="ice" interval="1000" chance="10" length="9" spread="3" min="-120" max="-300">
			<attribute key="areaEffect" value="icearea"/>
		</attack>
		<attack name="drown" interval="1000" chance="11" radius="4" target ="1" min ="-15" max="-20">
			<attribute key="areaEffect" value="bluebubble"/>
		</attack>
	</attacks>
	<defenses armor="16" defense="25">
		<defense name="healing" interval="1000" chance="25" min="50" max="150">
			<attribute key="areaEffect" value="blueshimmer"/>
		</defense>
	</defenses>
	<immunities>
		<immunity ice="1"/>
		<immunity paralyze="1"/>
		<immunity invisible="1"/>
		<immunity drown="1"/>
	</immunities>
	<voices interval="3000" chance="200">
		<voice sentence="CHHHRRRR"/>
		<voice sentence="HISSSS"/>
	</voices>
	<elements>
		<element firePercent="20"/>
		<element energyPercent="-15"/>
		<element physicalPercent="-15"/>
		<element deathPercent="-15"/>
	</elements>
	<loot>
		<item id="2148" countmax="71" chance="40000"/><!-- gold coin -->
		<item id="2146" countmax="2" chance="10000"/><!-- small saphire -->
		<item id="2666" countmax="4" chance="20000"/><!-- meat -->
		<item id="2214" chance="10000"/><!-- ring of healing -->
		<item id="7888" chance="10000"/><!-- glacier amulet -->
		<item id="1987" chance="100000"><!-- bag -->
			<inside>
				<item id="2672" countmax="5" chance="20000"/><!-- dragon ham -->
				<item id="2148" countmax="80" chance="40000"/><!-- gold coin -->
				<item id="8866" chance="2500"/><!-- serpent coat -->
				<item id="8887" chance="833"/><!-- frozen plate -->
				<item id="2158" chance="5000"/><!-- blue gem -->
				<item id="5741" chance="7000"/><!-- skull helmet -->
			</inside>
		</item>
	</loot>
</monster>
