<?xml version="1.0" encoding="UTF-8"?>
<monster name="Young Sea Serpent" nameDescription="a young sea serpent" race="blood" experience="1000" speed="658" manacost="390">
	<health now="1500" max="1500"/>
	<look type="317" head="0" body="0" legs="0" feet="0" corpse="9882"/>
	<targetchange interval="10000" chance="30"/>
	<strategy attack="100" defense="0"/>
	<flags>
		<flag summonable="0"/>
		<flag attackable="1"/>
		<flag hostile="1"/>
		<flag illusionable="0"/>
		<flag convinceable="0"/>
		<flag pushable="0"/>
		<flag canpushitems="1"/>
		<flag canpushcreatures="1"/>
		<flag targetdistance="0"/>
		<flag runonhealth="300"/>
	</flags>
	<attacks>
	<attack name="melee" interval="2000" min="0" max="-150"/>
	<attack name="earth" interval="2000" chance="16" length="9" spread="3" min="-17" max="-248">
		<attribute key="areaEffect" value="smallplants"/>
	</attack>
	<attack name="ice" interval="2000" chance="20" length="9" spread="3" min="-80" max="-250">
		<attribute key="areaEffect" value="iceattack"/>
	</attack>
	</attacks>
	<defenses armor="13" defense="21">
		<defense name="healing" interval="1200" chance="25" min="50" max="150">
			<attribute key="areaEffect" value="blueshimmer"/>
		</defense>
	</defenses>
	<immunities>
		<immunity ice="1"/>
		<immunity invisible="1"/>
		<immunity drown="1"/>
		<immunity paralyze="1"/>
		</immunities>
	<voices interval="8000" chance="20">
		<voice sentence="CHHHRRRR"/>
		<voice sentence="HISSSS"/>
	</voices>

	<loot>
		<item id="2148" countmax="59" chance="50000"/>	-- gold coin
		<item id="2666" countmax="4" chance="20000"/>	-- meat
		<item id="1987" chance="100000">
		<item id="2672" countmax="2" chance="20000"/>	-- dragon ham
	<inside>

		<item id="2148" countmax="60" chance="40000"/>	-- gold coin
		<item id="2146" countmax="1" chance="5000"/>	-- small saphire
		<item id="2165" chance="2000"/>		--stealth ring
		<item id="2489" chance="4000"/> <!-- Dark Armor -->
				<item id="7589" chance="1000"/> <!-- Strong Mana Potion -->
	</inside>
    	</item>
</loot>

</monster>